Date;News_Article;Close;Change
2014-01-01;" or twice the amount previously thought may have spewed from the crippled Fukushima No. 1 nuclear power plant after the March 11 disaster scientists say.""Hong Kong Airlines Ltd has threatened to cancel its order for 10 A380s with Airbus - a value of $3.8 billion - over Europe's decision to make flights pay for their carbon emissions. ""We cannot do something which is against our country's interests,"" it quoted president Yang Jianhong as saying. North Korea: What does 240,000 metric tons of food mean? ";38124500;-0,012011532
2014-01-02;"AntiSec dumps Monsanto data on the Web: ""Your continued attack on the worlds food supply, as well as the health of those who eat it, has earned you our full attention. Your crimes against humanity are too many to name on one page.""Legalization gains support in Central America: Guatemalan President Otto Perez has invigorated the drug legalization debate in Central America, where leaders are under pressure to contain staggering crime rates and battle violent drug cartels.EU: Google's new privacy policy is illegalSouth Africans try poisoning horns to save rhinos Accusations of witchcraft are part of growing pattern of child abuse in UK - ""African groups warn that boom in pentecostal churches and belief in 'kindoki' are causing more children to suffer in silence""These Are The World's Most Powerful Mercenary ArmiesEngland's police forces are to be mostly privatised in an attempt to save moneyElections Canada begins investigations on 31,000 complaints regarding potential electoral fraud by the Conservative Party during the most recent election.Overfishing Leaves Swaths of Mediterranean Barren, an Unprecedented Study Concludes  - ""We found a huge gradient, an enormous contrast. Off Spain &amp; Italy, we found the largest fish biomass in the Mediterranean.  Unfortunately, around Turkey &amp; Greece, the waters are bare.""Police Censor Google, Facebook and 8,000 Other Sites by AccidentUK photographer Paul Conroy:  ""Syria 'is slaughterhouse"" - Says attacks on the city of Homs were ""a systematic slaughter of the civilian population""Oceans acidifying at fastest rate in 300 million years.Russian Election: Workers 'Paid To Vote Putin'As Myanmar moves ahead with a set of reforms that have included the release of political prisoners, the country's government is also opening up its media. In some cases they've ended pre-publication censorship entirely and in others they've greatly reduced the restrictionsPeeing Frenchman sues Google for making him 'laughing stock'Cairos hijab-free zones trigger cries of hypocrisy ... Feeling besieged, this segment seems willing to accept and even embrace the kind of steps that would prompt a discrimination lawsuit and cries of Islamaphobia if they were attempted in the US or Europe Furniture giant Ikea paid for secret police files to spy on ""complaining"" customers and ""suspicious"" staff at stores in France.Community reaction to 'destructive' war on marijuana warningMexico adopts surveillance legislation that will grant the police warrantless access to real time user location dataOrgan Thieves Busted in UkraineMuslims in Germany - Study Hints that Mutual Suspicion Is Slowing IntegrationSomali al-Shabab base captured outside Mogadishu:  A major base of Somalia's al-Shabab militants has been captured on the outskirts of the capital by government troops backed by African Union forces.Novartis takes the Indian government to court over its patent law, in a move that threatened access to affordable medicines.Russian Prime Minister Vladimir Putin on Friday said his country had no special relationship with the Syrian regime, adding that it was up to the Syrians to decide who should run their countryA Global Icon is Reborn: Londoners meet city's new $36,000 per seat red bus";38588001;0,003745734
2014-01-03;Police are linked to blacklist of construction workers who were considered leftist or troublesome. The blacklist destroyed people's lives, broke up families, ensured that people were unable to earn a living. It devastated people year after year. Australian Muslim women must show faces for identity checks under new lawCosta Rica tries to go smoke-free: Congress approved sweeping smoking bans. Philip Morris and British American Tobacco are not happyLast Monday, in a national TV interview, the candidate that public opinion polls have leading the French presidential race called for a 75 percent super tax on all individual income over $1 million euros, the equivalent of about $1.33 million.;38444000;-0,009456108
2014-01-04;"Iranian Ayatollah: Nuclear Weapons ""Grave Sin, Senseless, Destructive, Dangerous.""South African Health Minister not only denied the proven link between AIDS and HIV, but also featured ""garlic, lemons and African potatoes"" as treatment for AIDS :: As of 2011, 40% of South Africans had STDs and 25% had AIDS.Iranian human rights lawyer, colleague of Shirin Ebadi, sentenced to 18 years after being arrested for fourth time in six years. Abdolfattah Soltani was charged i.a. with ""accepting an unlawful award"" for getting the Nuremburg International Human Rights AwardCentral America is starting a debate on decriminalizing drugs - Biden visits Mexico and Honduras amid drug debateChancellor Angela Merkel has agreed with other conservative European leaders to help President Nicolas Sarkozy in the French election campaign by spurning his Socialist challenger Franois Hollande, SPIEGEL has learned. Merkel's interference is causing tension in her own government. India bans cotton exports effective immediatelySecret footage showing 'torture' of Syrians in Homs hospital Russia election 'clearly skewed' for Putin - OSCEPeople fleeing the Syrian city of Homs tell the BBC that security forces are committing atrocities there, including summary executions.Arabian Nightmare: Three men jailed indefinitely in Saudi Arabia for renting the wrong flat.An unexpected exercise in globalization: South-African farmers have started heeding the call from the government of Georgia to come to the former Soviet republicThirteen French officers 'captured by Syrian Army' The Vast Majority Of Israelis Are Against A Unilateral Strike Against Iran - only one in five Israelis, or 19 percent, favor unilateral military strikes against Iran's nuclear facilities without Washington's approval.Brazil has declared a fresh ""currency war"" on the US and Europe, extending a tax on foreign borrowings and threatening further capital controls in an effort to protect the country's struggling manufacturers.Swedish hospital seeks new 'hot' nurses - A hospital in Stockholm has published a job advertisement trying to attract nurses who are both qualified and ""TV-series hot"" in what has been explained as an ""attempt to catch peoples attention"".Heroes of Japan's Nuclear Disaster All but Forgotten Smart concrete: Iran makes some of the worlds toughest concrete. It can cope with earthquakes and, perhaps, bunker-busting bombsSyrian forces 'carrying out mass arrests and executions' in HomsMoscow Protesters Denounce Putin VictoryStudent faces prison for speaking out in royalist Thailand";38811001;-0,013960671
2014-01-05;" who faces up to 15 years in jail for 'having opinions' highlights country's harsh pro-monarchy laws""";39360500;0,000393926
2014-01-06;Appeal Lost - UK ISPs will have to send warning letters to alleged illegal file downloaders, as well as potentially cutting users off89% of the global population now has access to safe drinking water.How Goldman Sachs screwed GreeceIran to allow UN nuclear inspectors into military siteMyanmar has lowered its firewalls, opening access to social-media sites such as Facebook and TwitterBrazil's economy overtakes UK to become world's sixth largest.Is Somalia on the brink of peace? Loss of key city is latest defeat for once-powerful Al Shabaab Islamists.Singapore maids to finally get one day off per weekStarving Iran Wont Free It: There's an old saying, attributed to the British Foreign Office in colonial days: Keep the Persians hungry, and the Arabs fat.Slovakians vote to name a bridge Chuck Norris.Penguin escaped from Tokyo zoo.Eastern Libya declares semi- autonomyHamas rules out military support for Iran in any war with IsraelTwin blasts hit Egypt gas pipeline:  The main gas pipeline sending supplies from Egypt to Israel and Jordan was attacked on Monday, the 13th such attack since long-time President Hosni Mubarak was ousted in February 2011.;39345001;0,016390954
2014-01-07;Eastern Libya pulls away from central governmentGay chilean man remains in a coma after brutal ;38710499;-0,001032271
2014-01-08;"French PM Prompts Religious Row - Muslim &amp; Jewish groups have reacted with dismay after French PM Francois Fillon suggested the religious slaughter of animals was out of dateBBC News - Saudi diplomat shot dead in BangladeshAustralia's mining boom placing Great Barrier Reef at risk, UN warns: ";38750500;-0,001828858
2014-01-09;"Man reports CP in music download and is banned from seeing his own daughter aloneA youth has burned himself to death in southwestern China, the third self-immolation in three days in protest of China's policies in TibetChinese Businessmen Paying $80,000 to Hunt Polar Bears in Canada - From one of the 'I Love Hunting Club's' brochures:  ""The polar bear is the most extreme of natural enemies in North America. The huge male bear specimens are the most majestic, most beautiful of hunting prizes!""107 percent turnout? Another side to Russia's vote ---  Putin does better in Chechnya (99.82%) than Assad in SyriaIn Chechnya, 107% Turnout for Putin - Obvious ballot-stuffing spotted in regionBrazil has become the sixth-biggest economy in the worldTwo Murdoch reporters feared to be in suicide bids: ";38821499;-0,012100211
2014-01-10;Huge solar flare's magnetic storm may disrupt satellites and power grids.A suicide bomber kills herself and five police officers in the troubled Russian region of Dagestan, weeks after security forces kill her husband, prosecutors say.How Three Germans Are Cloning The Web --- ;39297001;-0,000254357
2014-01-11;" one of three brothers who do not have ideas. They just copy others. And make billions""Afghan women trapped in tribal court system: unfairly imprisoned, traded like property and often abused every step of the way. Norway: Breivik charged with Terror and 1st degree murder. Prosecution asks for forced psychiatric treatment A hospital employee in Homs says Syrian civilians and rebel fighters are being tortured there by medical staff and members of the security forces.Israel stunned by India's ban on defense contracts after bribing scandalKim Jong-eun visits the narrowest part of the DMZ, coming within 100m of S. Korean troops while touring the Joint Security AreaMid-size asteroid won't hit Earth in 2013: NASASpiders spin whole fields of webs to escape flooding in AustraliaFather banned from being alone with his daughter after telling police he accidentally accessed child porn while attempting to download music from the internetTwo Murdoch journalists reportedly attempt suicide as pressure mountsUNESCO will not expel Syria from human rights committee, according to draft resolutionSpeculation Blamed for Global Food Price WeirdnessSouth Africa: Kruger park rangers kill suspected rhino poacher -- ";39306999;0,007923432
2014-01-12;"The desecration of an Aboriginal burial site in Australia with swastikas and the letters KKK is condemned as ""disgusting"" by officials.The 51% Tragedy: A Majority of Young Greek Workers Are Now Unemployed";38998001;-0,019238966
2014-01-13;Spain's youth unemployment surges above 50%.Riot police use tear gas to control student protest in MontrealHomelessness in the UK rises by 14% in one year. Cameroon elephant slaughter: Park cannot cope with $2 million anti-poaching budget when ivory is $1000-$1500 per kg in Asia with each tusk weighing 10kgSolving War Crimes With Wristbands: The Arrogance of 'Kony 2012'German Internet Community Cries Foul over Google News Law -- Germany's Internet community, gathered at the world's biggest high-tech fair, was up in arms Thursday at a draft law forcing Google and other similar sites to pay media firms for content.Strong solar storm heading for EarthAFP: Death-row inmates 'main source of organs in China'Dugongs cruelly slaughtered in illegal meat trade (Australia);39763000;-0,007785427
2014-01-14;" Presses U.S. On Iran: """"Israeli Prime Minister Benjamin Netanyahu has forcefully pushed President Obama to take a tougher stance on Iran. Critics say he risks alienating an ally.""""""German Health Insurers Have $26 Billion Cash, Sueddeutsche Says - ""Politicians are suggesting lower premiums or abolishing payments for medication, while insurers want to keep the money as reserve for years with deficits""Khamenei hails Obama's remarks against Iran strikeJapans Nuclear Energy Industry Nears Shutdown - All but 2 of its 54 commercial reactors have gone off line since the disaster a year ago.  With the last operating reactor to be idled, Japan  once a world leader in atomic energy  will shut down an industry that generated a 1/3 of its electricity.UK 'Must Plan for Euro Collapse' - Ministers should draw up plans to deal with a break-up of the eurozone ""as a matter of urgency"", a committee of MPs &amp; peers has warnsNigeria Rescue Bid: Kidnapped Briton &amp; Italian killed - ";40075001;0,002664674
2014-01-15;Tunisian University Denies Muslims the Right To Worship. Clashes Erupt Many Hurt.Syria's deputy oil minister defects from Assad4.6 magnitude earthquake strikes Haiti;39968498;-0,016898108
2014-01-16;"U.S. adds Vatican to money-laundering 'concern' listJapanese whalers cut season shortJapan shutting down nuclear power industryChinese state media thanks women for being hot ---  It's hard to think of a more awkward way for a media outlet to celebrate International Women's DayIn India, battle continues over Hindu temple's riches:  The vaults at a temple in Kerala have yielded gold and gems worth an estimated $21 billion. A lawsuit has raised a thorny question: Who owns the treasure?4 more generals defect from Syrian army &amp; join uprising against President Bashar al-AssadMass pro-democracy protest rocks BahrainAccording to a recent court ruling, German hotels have the right to turn away far-right extremists for their political views. The case struggled to reconcile the principles of freedom and equality. Smartphone apps are sending your data to ChinaIn Russia's largest cities, government employees are given sirens and blue lights that give them the right to disobey traffic signals and barrel through traffic. But a small and growing protest movement is challenging them and their special privilegeResolute, Nunavut, Canada loses Chinese polar bear hunt - Business bows to pressure from international media deriding hunt of 'endangered' bearsBin Ladens Wives Stories of Post-9/11 Life Casts More Suspicion on Pakistan  Tens of Thousands Protest in Bahrain: Down, Down Hamad - Bahrain protesters boost pressures on king; sporadic clashesJapan Earthquake: One Year Later [pics]Five murdered Irish emigrants will be reburied in a new grave today";40655499;0,006735424
2014-01-17;" to force him to miss a Katyn massacre memorial service.""""Girls only allowed to access Facebook if they are wearing burkas!"" - Afghans lampoon clerics over women guidelinesJapan ends its whaling season with less than a third of its original target, as ships head home from the Antarctic Ocean.Four Syrian generals defect to opposition as desertions gather pace: The defection brings the number of senior Syrian officers who have defected to seven, rebels say.";40383499;0,010762512
2014-01-18;Far right hardcore 'willing to prepare for armed conflict'With tensions high in Mideast, evangelical Christians tighten embrace of IsraelLGBT rights window closing in Egypt: Revolutionary optimism retreats as Islamic parties take power.;39953499;0,004651873
2014-01-19;"Bradley Manning's treatment was cruel and inhuman, UN torture chief rulesHonduras Invites Colombia and Mexico to Join Drug Legalization Debate U.S. Faces Challenge to ""Drug War"" as Latin American Countries Mull Decriminalization, LegalizationAfghan civilian deaths spark calls for U.S. exitSwiss voters reject 6 weeks of paid vacationIn Kenya, a group of young Maasai warriors formed a cricket team with big hopes: to promote healthy living, to spread awareness about HIV/AIDS and women's issues, and ultimately to become role models in their community and ambassadors for both the Maasai and Kenya.Afghans vow vengeance for soldier's killing spree Kim Dotcom: Many Megaupload Users at the US Gov'tSouth Korea's Unification Plan: 'No One Wants to Just Swallow Upthe North' --- Is it possible that Korea will ever reunite? People in the South firmly believe it will happen -- and are even starting to save up money for the massive costs it would entailSarkozy threatens 'to close' France's bordersFrances Sarkozy vows to pull France out of Europes 25-nation visa-free zone unless border controls are tightened to prevent illegal immigrants from sneaking in to find jobsRioter who attacked Malaysian student during London Riots jailed for seven years";39768501;0,013804267
2014-01-20;" is painted on a hidden wall in a cavity in Florence's town hall where it has remained unseen for five centuries.""'This Debate Will No Longer be Suppressed': Legalizing Drugs Breaks Into the Mainstream Christians have no right to wear cross at work, says Government - TelegraphAfghans 'out of patience' after Kandahar massacreChinese Mighty Dragon doomed to breathe Russian fireA newly-built section of a high-speed rail line has collapsed in China's central Hubei province following heavy rain, state media reports.The 1% Recovery -- While the financial crisis hurt the top 1 percent more than anyone else, their recovery has been spectacular -- while everyone else has languished.UK Wants Renewable Energy Target Scrapped - ";39227001;0,020606218
2014-01-21;UK Foreign Secretary sued over US drone strikes in PakistanThe scientist who blew the whistle on stratospheric ozone destruction (won a nobel prize in 1995) died this weekend.China may send its first woman into space;38435001;0,008620629
2014-01-22;"Indian Govt uses special powers to slash cancer drug price by 97%Dangerous Ignorance: The Hysteria of Kony 2012British stroke victim wins right to ask for euthanasia.China cracks down on human trafficking, freeing 24,000 abducted women and children in 2011The alleged rape of a 16-year-old Muslim girl ""was captured on video by one of the soldiers and has been passed around Thailands newsrooms and military offices where some have made the galling and insulting comment that perhaps the girl didnt resist enough.""Dr. Jacques Brs, a 71-year old French surgeon, smuggled himself into Homs, Syria, to treat the wounded in a makeshift hospital.Rebekah Brooks arrestedFighting the failed War on Drugs: Bolivia's Evo Morales defends right to chew coca leaf""We are not drug addicts when we consume the coca leaf.""Nicolas Sarkozy 'received 42 million from Muammar Gaddafi for 2007 election'Russia says it will keep selling weapons to SyriaAustralia Passes Controversial Nuclear Waste Bill - ";38106499;-0,026056843
2014-01-23;"Syrian troops have planted landmines along routes used by people fleeing the country's violence and trying to reach neighbouring Turkey, an international human rights group has said. Police Arrest Murdoch Deputy Rebekah Brooks And Husband - The Daily Beast45,000 caught cheating at Britain's universitiesSyria laying landmines along the border on routes where refugees have fledNightmare Zoo in Indonesia Shaken When Giraffe Dies With Beachball-Sized Wad of Plastic in its Belly - Tigers are emaciated &amp; the 180 pelicans packed so tightly they can't unfurl their wings. New attention now focused on scandalous conditions at largest zoo. (With Photos)'Enemies of the internet' namedColonel Gaddafi 'gave French President  Nicolas Sarkozy 42million to fund his 2007 election campaign'Lockdown London: The 2012 Olympic Games will see the UK's biggest mobilisation of military and security forces since the second world war.A mosque near Brussels was attacked with Molotov cocktails and its imam died trying to extinguish the flames, Belgian newspapers reported late Monday.Russia sees 'no reason' to halt weapon support for SyriaPolish Nuclear Dreams Threaten Ties with GermanyChina gives Japan nod to buy $10bn (6.4bn) of government bonds as Beijing tries to create a more international role for its currencyBillions in cash flees Afghanistan, economy threatenedThe Fertility Implosion --- A woman in Oman today has 5.6 fewer babies than a woman in Oman 30 years ago. Morocco, Syria and Saudi Arabia have seen fertility-rate declines of nearly 60 percent, and in Iran its more than 70 percent. These are among the fastest declines in recorded history.";39125999;-0,010107449
2014-01-24;Israel is planning to demolish 'illegal' solar panels that are the only source of electricity for Palestinians in West Bank villagesMoroccan girl commits suicide after being forced by judge to marry her rapist.French Surgeon, 71, Saves Lives in Syria:  Dr. Jacques Brs, a veteran of war zones, left his comfortable Paris life last month to smuggle himself into Homs, the center of the Syrian revolt, to tend to the wounded and the sick. Encyclopedia Britannica halts print publication after 244 yearsRussia to finally send man to the MoonArgentina's Supreme Court unanimously decriminalized abortion for rape victimsIn a break with his past positions, Guatemala's president now wants to decriminalise drugs - and not just marijuana.Switzerland bus crash 'kills 28, including 22 children'Chinese Premier Wen Jiabao: democracy in China is 'inevitable';39525501;0,00662164
2014-01-25;Hundreds of bodies found in German University.A 12-year-old girl was arrested in Greece today after she tried to sell her baby to undercover police officers, Athens News reported. The baby was 10-weeks-old.Chinese Premier Wen says China needs political reform, warns of another Cultural Revolution if withoutLondon Metropolitan Police officers assaulted a 16-year-old boy with severe autism by forcing him into handcuffs and leg restraints during a school trip, the High Court has ruled.Canada to Allow Foreign Ownership for Small TelecomsThe Syrian story of truth and realityTaking To The Streets --- ;39265499;0,066881261
2014-01-26;" loathed. Bailout or not the political system is finished. Country stands on verge of radical social change""China possibly purchasing Russian SU-35 fighter because of problems with their own J-20 Stealth fighter. ""Reports have surfaced that at least one of the J-20 prototypes uses a Russian borrowed engine.""Iran's parliament grilled President Mahmoud Ahmadinejad on Wednesday over a long list of accusations, including that he mismanaged the nation's economy and defied the authority of the country's supreme leader.Putin Promises Science Boost, but Russian Researchers Skeptical of Ambitious Schemes - Young scientists here have basically no opportunity to make ties with colleagues from N. America, Europe or Asia. It's a sad &amp; stupid situation,  says a scientist in St Petersburg. Ex-Murdoch scribe claims editor ""told me to bribe police""Congo warlord Thomas Lubanga convicted of using child soldiersThe recent death of 5 prematurely born children in German city, Bremen due to infections acquired in the hospital has strengthened fears among environmental and health experts that massive use of antibiotics in industrial livestock farming is creating extremely resistant bacteriaAs Syrians flee the increasing violence, and as government forces increase intensity of their crackdown, many refugees are discovering that Syrian forces have planted anti-personnel mines along the border  making their escape extremely dangerous.";36804001;-0,029545518
2014-01-27;"Moroccans demand change to Islamic penal code after a girl kills herself because judge forced her to marry her rapistMan called police after finding pornographic images on his laptop after trying to download music. Social services banned him from having unsupervised access to his child while police investigated... Ban was finally liftedThe Pirate Party, which made international headlines after its success in state elections in Berlin last year, stands to make gains in two other German states this spring. The party's pledge to foster transparency and participation is resonating with voters who are fed up with local corruption. Lost Boy Uses Google Earth to Find His Way Home After 25 YearsColombia to Enact Drug Decriminalization: The govt of Colombian President Juan Manuel Santos is preparing legislation that will set ""personal dose"" amounts for drugs that will allow for their possession without the possibility of arrest or prosecution.The Guardian obtained 3000 messages from al-Asaad's email account.  Iran advised him on how to handle the uprising against his rule. And Qatar offered him exile Kony 2012 video screening met with anger in northern UgandaOfficials in China's Ministry of Health recently admitted to harvesting organs from death row inmates, ending years of denials about the practice. It is estimated that two-thirds of the country's total organ transplants come from executed prisoners50 NGOs urge Pakistan to free Christian mother  from execution on charge of Blasphemy --- ""We refuse to accept that this mother of five children will continue to languish in her putrid, stifling, freezing cell for so long  especially without the right to see her children.""French police use tear gas on steelworkers worried about job losses, as they tried to force their way toward the headquarters of President Sarkozy's re-election campaignSyria setting border mines to stop refugee flightUgandan Gay Rights Group Sues Scott Lively, a U.S. Evangelist - NYTimes.comIllegal Fishing Straining West Africa -  Recognized as one of the world's richest fisheries grounds teeming with snapper, grouper, sardines, mackerel &amp; shrimp, it's losing up to $1.5 billion worth of fish annually to vessels in protected zones or without proper equipment or licenses";37924500;-0,007835365
2014-01-28;"Norwegian Hercules plane vanishes en route to SwedenAfghans seethe at lack of US reaction to massacreUK Teen Charged Over Dead Soldiers Facebook Post: '... teenager will appear in court for allegedly making comments on Facebook about the deaths of six British soldiers in Afghanistan.'China Sacks Key Leadership Contender - One of Chinas most charismatic western-style politicians has been sacked in rare political scandalIn a historic judgment, the International Criminal Court convicts Thomas Lubango Dyilo of recruiting children into armed conflictBo Xilai: a stunning &amp; highly public fall from grace in China";38223999;0,005180503
2014-01-29;" ending his ambition of a top post. His removal could complicate a key year of political transition in China. ""Egypt: Armed Bedouins are besieging the UN peacekeeper camp in SinaiCourt Convicts Congo Warlord Of Using Child SoldiersCanadian women 'molested by female US border guards,' lawsuit alleges";38027000;-0,011258425
2014-01-30;"Chinese official proposes death penalty as deterrent to government corruption amounting to about $100,000 or greater. New Chevron Oil Leak Off Coast of Brazil - Just 5 months after Chevron lost its drilling rights for causing the largest oil spill in recent memory off the coast of Rio de Janeiro, they've gone &amp;  done it againShell admits to at least 207 oil spills in 2011A Jewish man wins his fight against a German museum for the return of thousands of rare posters stolen from his father by the Nazis in 1938.UK would not help Israel attack Iran, Prime Minister David Cameron says""Afghan President Hamid Karzai lashed out at the United States on Friday [17 March 2012], saying he is at the 'end of the rope' because of the lack of U.S. cooperation into a probe of a killing spree allegedly carried out by an American soldier.""Putin's Fabled Tiger Encounter was PR Stunt, Say Environmentalists - He allegedly came face to face with a wild tiger, but bloggers now say it was set up. According to local &amp; Moscow-based environmentalists, the tiger, named Serga, was taken from a zoo &amp; driven to a nature reserve.Moroccans call for end to rape-marriage laws - Africa - Al Jazeera EnglishFriends no more? Egypts MPs declare Israel No. 1 enemyIn emails, the nuclear physicist at one of Europe's most celebrated laboratories railed about a need to punish Western governments for allegedly anti-Muslim wars in Iraq and Afghanistan - and conferred with an alleged al-Qaida contact about possible assassination or bombing plots.Syrian armed forces desertion said to surge to 60,000 (Businessweek)A Moroccan government minister on Thursday called for changes to a law that allows a rapist to marry his victim to escape prosecution, after a teenager who was forced into such a marriage killed herself last week by drinking rat poison. Archbishop of Canterbury Rowan Williams to stand downA Swiss couple held captive for nearly a year by the Taliban in Pakistan turned up at an army post close to the Afghan border on Thursday, claiming to have escaped from their captors, the Pakistani army said. They were swiftly flown to safety by the military.Something is rotten here: O'Dwyer's extradition to US approvedArgentina is intensifying its campaign to block oil development in the Falkland Islands, announcing on Thursday it will pursue ""administrative, civil and criminal"" penalties against the dozens of companies involved.You wouldn't expect it in light of the resurgent German debate about the willingness of young Muslims to integrate into mainstream society, but integration in Germany is actually faring better than expected. Canada Considers Fate of Arctic Explorer's Ship - It may repatriate the Norwegian 3-mast ship, visible above the frigid waters. Roald  Amundsen was the 1st European to sail through the Northwest Passage searching for a shorter shipping route from Europe to Asia &amp; the 1st to reach the South Pole. North Korea's rocket launch would defy UN, despite just agreeing to halt weapons testing in exchange for food aidNorth Korean threatens weeks old treaty with planned satellite/Long range Missile launch Ireland oil strike raises hopes for exploration boom -- Providence Resources boss Tony O'Reilly Junior said: 'I think this discovery also creates a reappraisal in the minds of global oil corporations about coming back to Irish waters to drill for oil'";38459999;0,001210434
2014-01-31;" ending a three-year hiatus that had delayed reform in the poor ex-Soviet republic.""More than 150 arrested after anti-brutality protesters clash with police in MontrealNorth Korea says it will launch long-range rocket carrying satelliteAcclaimed Public Radio International program has retracted an entire episode about working conditions inside Foxconn, the Chinese manufacturer that builds much of Apple's most popular hardware, after learning the NPR reporter ""partially fabricated"" information about his visit to the factories";38413502;0,009566538
2014-02-01;"Iranians respond to Israeli Facebook initiative: Israel, we &lt;3 you tooDutch Catholic church abuse: at least one youth castrated for 'homosexuality', evidence for at least 10 other casesKing of Tonga dead: reportThe Nobel peace prize winner and president of Liberia, Ellen Johnson Sirleaf, has defended a law that criminalises homosexual acts, saying: ""We like ourselves just the way we are.""How one man escaped from a North Korean prison campItalian police have arrested 16 judges in what they say is a big anti-mafia operation centred on Naples.WikiLeaks Founder to Run for Australian SenateSlavery's last stronghold, MauritaniaPope Benedict XVI disturbed by disloyalty of those who leaked internal documents about corruption, poor financial management,and contempt regarding the Vatican efforts against laundering.In Mexico, extortion is a booming offshoot of drug war:  Almost every segment of the economy and society, including businesses, teachers and priests, has been subjected to extortionists who exploit fear of cartels.Four killed in shooting at Jewish school in FranceWinds of change blow through China as spending on renewable energy soars - ";38049500;-0,000905892
2014-02-02;Al Jazeera obtains secret Syria files --- ;38084000;-0,008538972
2014-02-03;Chinese hoping ticket out of China is French class - Chinese desperate to emigrate have discovered a backdoor into Canada that involves applying for entry into the country's francophone province of Quebec  as long as you have a good working knowledge of the local lingoTopless Women Protest Rampant Sex Trade in Ukraine - ABC News80% in Japan 'support nuclear phase-out'Mexican Policemen Killed After Beheadings - Gunmen in western Mexico have killed 12 policemen investigating the beheadings of 10 other people24-pound tumor misdiagnosed as pregnancyResearchers have updated HadCRUT, one of the main global temperate records, which dates back to 1850 - 2010 now listed as world's hottest yearWikiLeaks: Founder Julian Assange to run for Australian Senate - CNN.comOnly 2% believe David Cameron is leading 'greenest government ever - ;38411999;-0,00337297
2014-02-04;A gunman has opened fire at a school for Jewish children in the French city of Toulouse, killing at least three people;38542000;0,016885652
2014-02-05;"The ""potato movement"" is taking off across Greece: agricultural produce is being sold directly to consumers by their producers.105 year old woman hanged herself after telling her family she was tired of waiting to die.UK: Student wins Police payout after being arrested for filmingGermanys $263 Billion Shift To Renewable Energy Is The Biggest Reconstruction Of It's Energy Market Since WWII.France restores ban on GMO maize crops | ReutersUK teenager arrested for anti-war Facebook postRussian troops roll into Syria to support AssadIran presses ahead with dollar attack (will no longer accept oil payment in USD just as Saddam did in 2000)Muhammad Wazir lost his mother, his wife, a sister-in-law, a brother, a nephew, his four daughters and two of his sons in last week's mass shooting in two villages. ""Like anyone, I wanted my children to be doctors, engineers  important people. All my dreams are buried under a pile of dust now.""";37902000;-0,017051621
2014-02-06;Venezuela : Govt. hands out 600 musical instruments to children across ten schools as part of a strategy to prevent crime, and bringing the number of instruments handed out so far to a total of 1,600.Peace-minded Israeli reaches out to everyday Iranians via Facebook - CNN.comAustralian Government Moves To Quickly Pass Laws To Sterilize, Electroshock, And Restrain Children Without Parental ConsentCenter-Left Mexico Presidential Candidate Vows to End Drug WarGreece:  theatregoers will pay for their tickets not with money but with food, which the theatre's staff will then distribute among half a dozen charities and welfare organisations in the city.Major earthquake in Mexico : 7.6Greek bailout actually another bailout for the banks.  It is estimated that out of every euro provided by Brussels, only 19 cents will go to the Greek government, with the rest flowing straight into the coffers of banks and financial investors. China raises concern to North Korea about rocket launchDeaths Spotlight Taiwan's 'Overwork' Culture - Working hard is ingrained in Taiwanese society. But recent deaths attributed to overwork are leading people to question the culture for the 1st time.;38559502;-0,006735968
2014-02-07;"Russian Court declares books on Scientology to be ""extremist literature"" and bans them from sale.7.9 in Acapulco, MexicoBomb explodes in Paris at Indonesian Embassy this morningWhy Has India Become the World's Top Arms Buyer? - India has replaced China as the worlds largest arms buyer, accounting for 10 percent of all arms purchases during the past five years, a Swedish research group said.Egyptian teen throws herself off a balcony to avoid forced marriageGermany has confirmed plans to sell a discounted nuclear-capable submarine to Israel, after Berlin reportedly dropped objections over Jewish settlement building in the Palestinian territories. Suspect in Toulouse shootings declares allegiance to al-Qaida according to French policeIsrael banning use of underweight modelsAfrican reporter confronted with violent threats after story on female circumcisionMohammed Merah, gunman suspected of murdering three children and rabbi at a French Jewish school, has been arrestedGreece: 1 in 6 disability claims fakeAre Walmart's Chinese Factories as Bad as Apple's? - ";38820999;-0,016305819
2014-02-08;"Centre fully accepts decriminalization of gay sex: AG - The Times of IndiaGunman who killed French Paratroopers and children at a Jewish school is in a siege with police. Apparently is a 24 year old French Muslim claiming to be a member of Al-Queda.""Russia warned Tuesday [20 March 2012] that Iran would have no option but to develop nuclear weapons if it came under attack from either the United States or Israel over its contested atomic programme.""Dutch Catholic Church accused of castrating young boys who complained of sexual abuse or suspected of homosexuality.Russia and China agree on a U.N. Security Council statement that threatens AssadApache copter crashes in Afghanistan  Some things just need to be seen to be believed. [video]As Greek health services are defunded: HIV rates soar; Malaria makes comeback after 30 yearsBolivia Has Transformed Itself by Ignoring the Washington Consensus: By breaking with orthodox prescriptions for progress, Evo Morales has helped to forge a new Bolivia centered on 'living well'Payday Loans in the UK-they learned this trick in the States RIP NHS, 1948-2012: Cameron gloats as hated Health Bill passed to allow private firms to cash in on careCameroon Elephant Massacre Shows Poaching, Ivory Trade Require an International Response: 'Less than a month ago Bouba NDjida National Park was home to 450 elephants. Today, at least half of those elephants are gone, slaughtered by armed horsemen...' Mexican Government predicted today's 7.4 ";39464500;-0,008554202
2014-02-09;"Pirating UK Student to be Extradited to the US: 'Despite public outrage Home Secretary Theresa May approved the extradition order today. The 23-yr-old student has never visited US, but now faces several years in a US prison.'23 years old shooter in Toulouse, France, killed during assault, according to police.Over 308'000 Post-Secondary Students (out of 450'000) in Canadian Province of Quebec On Strike Today To Protest Austerity of 75% Tuition Increase. Over 100'000 Expected In The Streets Of Montreal Today. 200'000 On Unlimited General Strike.Australia's most-wanted man caught after 7 years hiding in bush, eating kangaroosBaffling Illness Strikes Africa, Turns Children Into Violent ""Zombies""Official: Coup d'etat underway in MaliContamination Time Bomb:  Chevron, TransOcean Executives Face Criminal Charge for Brazilian Oil Spill - Prosecutors say 'crime against nature' could land imprudent company's employees in jailGangs of women in Zimbabwe have been picking up male travellers to have sexual intercourse and harvest their sperm, according to reports.Alberta colleges, universities made illegal donations to Canada's ruling Conservative party during the last few years - CBCMuslim envoys walk out in protests at U.N. gay rights debateKim DotCom to get monthly living expenses of $48,000: New Zealand court rules that the MegaUpload founder and alleged pirate will see more monthly cash and also be allowed the use of one of his carsIndian government may have lost $210 billion in 'mother of all scams'Anti-piracy outfit BREIN is trying to stop the massive influx of Pirate Bay proxy sites that circumvent a court-ordered blockade in the NetherlandsSyrian rebels running out of ammunition as government presses offensiveMarijuana Must Be Legalized Massive fire sweeps through one of the oldest markets in Calcutta, destroying most of the shops - 30 fire engines fought the blaze for over 4 hours Why the World Should Keep Destructive Men Out of the World Bank:  ""Just between you and me, shouldn't the World Bank be encouraging more migration of the dirty industries to the Lesser Developed Countries?"" (quote from banker Larry Summers, leading nominee to head the World Bank) Toulouse shooting suspect Mohamed Merah dies jumping from his apartment window with gun in handIMF Banksters worst fear: Egyptians launch campaign to repudiate Mubarak's debt'sSoldiers stage coup in Mali Magna Carta to get modern makeover for 800th birthday";39805000;-0,001216957
2014-02-10;The Brazilian who wants to jail Chevron oilmenLeaked documents show 9,000 Nazi war criminals fled to South America after World War 2(Telegraph)  Suspected al Qaeda militants unleashed a wave of terror across Baghdad and 11 other Iraqi cities on Thursday, killing at least 60 people in a series of attacks on government buildings, security targets, restaurants and a primary school;39853500;-0,000977677
2014-02-11;North Korea warned that any criticism of its nuclear weapons program would be considered a declaration of warStaff Sgt. Robert Bales to face 17 murder counts in Afghanistan massacreProtesters gay the pray away.Not only has the United States reduced oil imports from members of the Organization of the Petroleum Exporting Countries by more than 20 percent in the last three years, it has become a net exporter of refined petroleum products like gasoline for the first time since the Truman presidency.China Has Censored All Mention Of The Rumored CoupAttacking Iran to be worst mistake in U.S. history: CastroJapan orders anti-missile defence for N Korea rocketACTA On Hold, But The Protests Continue In SerbiaBBC News - China to end organ donations from executed prisonersNew president urges Germans to stand by European unity, advocates tolerant societyBetter prepared: Mexico's 7.4 quake causes damage, but no deaths;39892502;0,008915048
2014-02-12;Grade-school students in a northeastern Brazilian city are using uniforms embedded with locator chips that help alert parents if they're cutting classes, the city's education secretary said Thursday.Canada's Supreme Court says it's understandable for aboriginals to commit crimes, and they shouldn't be punished too harshlyThe United States, European allies and even Israel generally agree on three things about Iran's nuclear program: Tehran does not have a bomb, has not decided to build one, and is probably years away from having a deliverable nuclear warhead.Hubbard ban: Scientology books officially extremist in Russia (again)  RTRadiation risks from Fukushima are likely to be less than for ChernobylUS warns of 'strong response' if North Korea launches rocket - The Times of IndiaRussia has destroyed 60% of chemical weapons;39540001;-0,004280987
2014-02-13;" hobbling economic growth and endangering world food markets according to a U.S. intelligence assessment released on Thursday.""Kim Jong-un's Barbaric Purge of 'Unsound' Military Brass: He Uses Mortar Rounds To Dispose Of His RedcoatsFukushima Pref. deleted 5 days of radiation dispersion data just after meltdowns";39709999;-0,002787474
2014-02-14;" a Marie Antoinette figure who shopped online for crystal-encrusted Christian Louboutin stilettos while her country burned.""";39820999;0,002340868
2014-02-15;Denmark aims to get 50% of all electricity from wind powerQueen Elizabeth stuns bride and groom by accepting inviteThe Mariana Trench, the deepest part of the world's oceans, 6.78 miles deep, has only been reached by two humans and that was 50 years ago. Today however, James Cameron has started his descent to the ocean's deepest point. He is going to be the third human who has reached the Mariana Trench.Earthquake in Chile'Last week UK approved the extradition of 23-yr-old student, Richard ODwyer to the US. In a response to the decision, The Times reader wrote an interesting letter thats worth sharing...'Prominent Kuwaiti Muslim scholar says freedom comes before ShariahA fall to cheer: For the first time ever, the number of poor people is declining everywhereIsrael cuts ties with UN human rights body - Middle East - Al Jazeera EnglishPoland's new gas reserves turn out to be about 10% of the original estimate. Greed Is The Beginning of Everything --- ;39728001;0,003802716
2014-02-16;Kenya announces discovery of oil;39577499;0,008279728
2014-02-17;"Proving you're gay to the Turkish armyA gang of women -- described as blonde, bilingual and well educated -- have been taking Brazilian shopping malls by storm, kidnapping female shoppers and maxing out their credit cards, police say.In a visit to Cuba, Pope Benedict calls for Cuba to abandon Marxism, saying that ""It is evident that Marxist ideology in the way it was conceived no longer corresponds to reality.""Israel cuts contact with UN rights council, to protest settlements probe: Foreign Ministry orders envoy to Geneva to ignore all phone calls from rights council commissioner; 'The council sparked this process', says a senior Israeli official Only one of Japan's 54 nuclear reactors now runningIsraeli police say they have launched an investigation into reports soccer fans swarmed into a Jerusalem mall chanting anti-Arab slogans and beat Palestinian workers there.Man in Afghan army uniform shoots 2 NATO troops in Afghanistan.North Korea's dehumanizing treatment of its citizens is hiding in plain sight Israel cuts contact with U.N. Human Rights Council over probe into Jewish settlements in the occupied West Bank.";39252499;0,002887083
2014-02-18;" to five years in jail for issuing death threats against a former government minister and others.""Japan shuts down another nuclear reactor; all could be off line by May Pakistan bans ""Indian James Bond"" film Journalist seeking truth about Khmer Rouge 'fears for his life' ";39139500;0,014213159
2014-02-19;"James Cameron releases the first ever video footage of the bottom of the Mariana Trench - seven miles below the ocean's surface.10,000 People Sign Petition to Honor Alan Turing by Putting Him on the 10 Note:  Just last month the government there refused to pardon him for the crime of ""moral turpitude,"" that is, that he was gay.Global Warming Close to Becoming Irreversible - The world is close to reaching tipping points that will make it irreversibly hotter, making this decade critical in efforts to contain global warming, scientists warned on Monday.11 suicide vests found at Afghan military HQAustralia bans Chinese  technology giant Huawei from bidding to help build a nationwide high-speed Internet network due to concern about cyber attacks traced to ChinaWhy the Right to Water Is Under Attack - ";38591000;#DIV/0!
